name,number
salt,870
olive oil,691
feta cheese,532
garlic cloves,413
onion,389
water,360
tomatoes,354
lemon juice,312
dried oregano,291
butter,266
garlic,255
pepper,226
red onion,225
sugar,222
cucumber,176
eggs,168
salt and pepper,160
black pepper,159
onions,157
extra virgin olive oil,153
oregano,148
garlic clove,145
fresh lemon juice,142
ground cumin,140
oil,140
red wine vinegar,137
vegetable oil,136
milk,134
fresh parsley,128
kalamata olive,127
flour,125
garam masala,122
ground coriander,114
turmeric,112
plain yogurt,111
fresh ground black pepper,110
cinnamon,108
potatoes,102
black olives,97
fresh ginger,94
parsley,92
egg,92
garlic powder,91
kalamata olives,85
ground cinnamon,83
parmesan cheese,82
lemon,81
of fresh mint,80
cumin seed,80
curry powder,78
fresh oregano,77
baking powder,74
tomato paste,74
honey,74
fresh dill,72
"lemon, juice of",71
cayenne pepper,70
greek yogurt,69
chili powder,66
all-purpose flour,66
cumin,65
turmeric powder,64
chicken broth,61
zucchini,59
ginger,55
cilantro,54
mustard seeds,53
salt & freshly ground black pepper,53
red chili powder,52
paprika,49
green chilies,49
tomato sauce,49
kosher salt,49
red bell pepper,48
sea salt,48
ground turmeric,48
feta,48
ground beef,47
cherry tomatoes,47
ground black pepper,47
carrots,47
fresh cilantro,46
bay leaves,46
dijon mustard,45
chickpeas,45
orzo pasta,45
green onions,44
all purpose greek seasoning,44
ground ginger,44
green pepper,44
boneless skinless chicken breasts,44
cinnamon stick,44
ground cardamom,43
romaine lettuce,43
carrot,43
fresh basil,43
fresh ground pepper,40
green onion,40
cucumbers,39
walnuts,39
unsalted butter,39
ghee,38
diced tomatoes,38
ground lamb,38
dried basil,38
lemon zest,38
coriander powder,37
basmati rice,37
fresh spinach,37
chicken stock,36
grape tomatoes,36
english cucumber,36
nutmeg,36
cloves,35
coriander,34
red onions,33
baking soda,33
balsamic vinegar,33
mayonnaise,33
frozen chopped spinach,33
canola oil,32
celery,32
brown sugar,31
green bell pepper,31
chicken breasts,31
sour cream,31
dry white wine,31
pita bread,31
cardamom pods,31
capers,30
lettuce,30
potato,30
roma tomatoes,29
lemons,29
pine nuts,29
bay leaf,28
red wine,28
cayenne,28
chicken,28
red pepper,28
ground cloves,28
curry leaves,28
ground nutmeg,27
spinach,27
reduced-fat feta cheese,27
coconut milk,26
basil,26
vanilla,26
baby spinach,26
vanilla extract,26
dill,26
plum tomatoes,25
eggplants,25
yogurt,25
gingerroot,24
yellow onion,24
coriander leaves,24
cornstarch,24
dried thyme,24
sesame seeds,24
rice,24
lean ground beef,23
chopped tomatoes,23
onion powder,23
garlic paste,23
phyllo dough,22
white wine,22
red pepper flakes,22
fresh mint leaves,22
fennel seed,22
mozzarella cheese,22
green beans,22
ginger paste,22
cumin powder,22
eggplant,21
cinnamon sticks,21
dried mint,21
"lemons, juice of",21
mint,21
raisins,21
black peppercorns,20
asafoetida powder,20
dry red wine,20
heavy cream,20
egg yolks,20
cooking spray,20
green chili,19
vinegar,19
crushed red pepper flakes,19
fresh flat-leaf parsley,19
tomato puree,19
oregano leaves,18
pita breads,18
whole milk,18
cumin seeds,18
white pepper,18
dried oregano leaves,18
white sugar,18
ginger-garlic paste,18
minced garlic cloves,18
boneless skinless chicken breast halves,18
rosemary,18
white vinegar,17
long grain rice,17
cream cheese,17
celery ribs,17
egg yolk,17
lime juice,17
black mustard seeds,17
orange juice,17
fresh coriander,17
salt & pepper,17
"lemon, zest of",17
marinated artichoke hearts,17
frozen peas,17
ouzo,17
lemon peel,17
almonds,17
worcestershire sauce,16
cottage cheese,16
brandy,16
red potatoes,16
garlic salt,16
coriander seed,16
breadcrumbs,16
italian seasoning,16
golden raisin,16
thyme,16
flat leaf parsley,16
spring onions,16
ground allspice,16
white wine vinegar,16
warm water,16
fresh garlic,15
fenugreek seeds,15
bell pepper,15
frozen spinach,15
green chili pepper,15
garbanzo beans,15
garam masala powder,15
seasoning salt,15
active dry yeast,15
cooked rice,15
dry mustard,15
scallions,15
margarine,15
greek salad dressing,14
whole wheat flour,14
vegetable broth,14
baby spinach leaves,14
pistachios,14
dried parsley,14
rose water,14
cauliflower,14
fresh thyme,14
scallion,14
orange zest,14
vegetable stock,14
plain low-fat yogurt,14
ricotta cheese,14
phyllo pastry,14
cornmeal,14
cheese,14
shrimp,14
whole cloves,14
plain flour,13
cooked chicken,13
egg whites,13
cream,13
seedless cucumber,13
fresh coriander leaves,13
boneless skinless chicken thighs,13
mint leaves,13
yellow bell pepper,13
salt & fresh ground pepper,13
confectioners' sugar,13
artichoke hearts,13
slivered almonds,13
roasted red pepper,13
dried red chilies,13
hummus,12
tzatziki,12
pepperoncini peppers,12
cardamom,12
penne pasta,12
lemon wedge,12
coconut,12
couscous,12
lamb,12
clove,12
fresh parsley leaves,12
pitted black olives,12
greek feta cheese,12
mushrooms,12
leg of lamb,12
fresh gingerroot,12
cilantro leaf,12
shallot,12
sun-dried tomato,12
hot water,12
coarse salt,12
large shrimp,12
buttermilk,11
green peas,11
dried rosemary,11
soy sauce,11
red bell peppers,11
crushed tomatoes,11
sliced ripe olives,11
tabasco sauce,11
greek olive,11
green peppers,11
dry breadcrumbs,11
granulated sugar,11
long-grain rice,11
pasta,11
elbow macaroni,11
mango powder,11
chopped tomato,11
green cardamoms,11
cracked black pepper,11
fresh lime juice,11
dried dill,11
powdered sugar,11
fresh green beans,11
fresh rosemary,11
cashews,11
olive,11
diced tomato,10
green bell peppers,10
medium shrimp,10
fresh mushrooms,10
bell peppers,10
dried fenugreek leaves,10
yoghurt,10
greek oregano,10
fresh tomatoes,10
ground pepper,10
brown mustard seeds,10
chicken thighs,10
whole tomatoes,10
sun-dried tomatoes,10
coriander seeds,10
semolina,10
shallots,10
russet potatoes,10
green cardamom pods,10
sliced mushrooms,10
lemon pepper,10
allspice,10
ground chicken,10
white onion,9
ripe olives,9
mushroom,9
cooking oil,9
mint leaf,9
whole wheat pita bread,9
boneless skinless chicken breast,9
baking potatoes,9
cabbage,9
italian parsley,9
fresh coarse ground black pepper,9
anise seed,9
fennel seeds,9
roasted red peppers,9
molasses,9
red chilies,9
cheddar cheese,9
curry paste,9
mango chutney,9
lemon rind,9
salt and black pepper,9
peppercorns,9
saffron,9
fresh spinach leaves,9
yellow pepper,9
yellow onions,9
green olives,9
fresh lemon zest,9
spinach leaves,8
plain nonfat yogurt,8
ground pork,8
peanut oil,8
hard-boiled eggs,8
avocado,8
"lemon, rind of",8
flour tortillas,8
sliced almonds,8
romano cheese,8
urad dal,8
marjoram,8
fish fillets,8
unsweetened coconut milk,8
white bread,8
jalapeno pepper,8
tahini,8
pumpkin,8
romaine lettuce hearts,8
fresh chives,8
seasoning,8
new potatoes,8
cornflour,8
plain fat-free yogurt,7
low sodium chicken broth,7
chutney,7
dried marjoram,7
french bread,7
chicken breast,7
yellow cornmeal,7
rice flour,7
roma tomato,7
chat masala,7
ice,7
minced ginger,7
hamburger,7
salmon fillets,7
boiling water,7
pizza dough,7
pitted ripe olives,7
"lemon, juice and zest of",7
sun-dried tomatoes packed in oil,7
powdered milk,7
dry yeast,7
dried greek oregano,7
salsa,7
hot sauce,7
sweet red pepper,7
almond extract,7
boneless leg of lamb,7
skim milk,7
minced garlic clove,7
fresh breadcrumb,7
artichoke heart,7
white rice,7
macaroni,7
red lentil,7
bread flour,7
kasseri cheese,7
nonfat plain yogurt,7
red chile,6
half-and-half,6
fat free greek yogurt,6
channa dal,6
bread,6
coconut oil,6
fresh italian parsley,6
spring onion,6
peanuts,6
pita chips,6
fat free feta cheese,6
skinless chicken breasts,6
low-fat plain yogurt,6
lime,6
dried onion flakes,6
stewed tomatoes,6
mixed salad greens,6
ketchup,6
desiccated coconut,6
spaghetti squash,6
quinoa,6
cooked chicken breasts,6
chives,6
fresh cilantro leaves,6
pork chops,6
chicken pieces,6
fresh spearmint,6
fresh basil leaves,6
ground oregano,6
yeast,6
leeks,6
dried dill weed,6
dill weed,6
small red potatoes,6
long grain white rice,6
"lime, juice of",6
beef stock,6
madras curry powder,6
whole kernel corn,6
ground red pepper,6
poppy seed,6
boneless chicken breasts,6
extra lean ground beef,6
russet potato,6
peas,5
blanched slivered almond,5
nigella seeds,5
cauliflower florets,5
chickpea flour,5
beef broth,5
tomato juice,5
shortening,5
mashed potatoes,5
cold water,5
light olive oil,5
green chili peppers,5
lentils,5
light mayonnaise,5
fine sea salt,5
lamb shanks,5
whole wheat bread,5
dry oregano,5
metaxa brandy,5
dried lentils,5
olive oil flavored cooking spray,5
shredded coconut,5
basil leaves,5
red kidney beans,5
sunflower seeds,5
panir,5
roasting chickens,5
red chili pepper,5
dried red chili,5
pork tenderloin,5
marinara sauce,5
dried basil leaves,5
jalapeno peppers,5
red lentils,5
natural yoghurt,5
cardamom seed,5
egg white,5
tamarind paste,5
avocados,5
fresh cream,5
dry lentils,5
fresh orange juice,5
plum tomato,5
halloumi cheese,5
currants,5
plain breadcrumbs,5
beef,5
boneless chicken breast,5
white beans,5
lean ground lamb,5
whipped cream,5
lettuce leaf,5
stewing beef,5
dried red pepper flakes,5
tomatoes with juice,5
long-grain white rice,5
broccoli,5
celery salt,5
ginger powder,5
mizithra cheese,5
arugula,5
olives,5
spaghetti,5
lettuce leaves,5
green cabbage,5
red peppers,5
cognac,5
fenugreek leaves,5
sweet onion,5
ground turkey,5
crusty bread,5
canned tomatoes,5
chili,5
methi seeds,5
yellow split peas,5
tamarind pulp,5
cannellini beans,5
chicken drumsticks,5
boneless skinless chicken,5
leek,5
vinaigrette dressing,5
stock,5
button mushrooms,5
fresh dill weed,4
fresh tomato,4
purple onion,4
bulgur,4
english cucumbers,4
cooked basmati rice,4
coarse sea salt,4
evaporated milk,4
low-fat yogurt,4
cilantro leaves,4
chicken breast fillets,4
yellow lentils,4
apple,4
curry,4
jalapenos,4
romaine lettuce leaves,4
rolls,4
serrano chilies,4
jaggery,4
"orange, zest of",4
salad greens,4
farfalle pasta,4
butter beans,4
bow tie pasta,4
chicken bouillon cubes,4
mutton,4
nonstick cooking spray,4
smoked paprika,4
sweet potato,4
sesame oil,4
blanched almonds,4
golden raisins,4
anchovy paste,4
fresh garlic cloves,4
peaches,4
phyllo pastry sheets,4
iceberg lettuce,4
caster sugar,4
cavenders all purpose greek seasoning,4
frozen green peas,4
sultanas,4
whipping cream,4
chili pepper,4
vegetable oil cooking spray,4
dark molasses,4
large raw shrimp,4
jalapeno,4
dry sherry,4
sweet potatoes,4
yukon gold potatoes,4
serrano chili,4
whole cardamom pods,4
low-fat milk,4
cooked brown rice,4
white potatoes,4
ziti pasta,4
chicken legs,4
diced tomatoes with basil oregano and garlic,4
dried parsley flakes,4
curry leaf,4
italian salad dressing,4
caesar salad dressing,4
fish,4
fine semolina,4
mustard,4
diced tomatoes with juice,4
malt vinegar,4
lemon slice,4
kosher salt & freshly ground black pepper,4
corn,4
brown rice,4
fresh green chilies,4
icing sugar,4
orange rind,4
dijon-style mustard,4
cardamom powder,4
cider vinegar,4
lemon wedges,4
chicken breast halves,4
fresh peas,4
vanilla ice cream,4
nuts,4
pita bread rounds,4
lamb shoulder,4
hot green chili pepper,4
buns,4
ground mace,4
gram flour,4
ajwain,4
barbecue sauce,4
maple syrup,4
hing,4
ground almonds,4
mango,4
ground cayenne pepper,4
rice vinegar,3
paneer cheese,3
radishes,3
fresh green chile,3
kidney beans,3
apples,3
chicken wings,3
pinto beans,3
"lemons, zest of",3
noodles,3
boneless lamb,3
grenadine,3
ground walnuts,3
baby carrots,3
part-skim ricotta cheese,3
pam cooking spray,3
cod fish fillets,3
lemon-pepper seasoning,3
aubergine,3
artichokes,3
dry wine,3
greek olives,3
roasted cashews,3
firm tofu,3
table salt,3
beef bouillon granules,3
boneless lamb shoulder,3
sweet onions,3
coffee,3
star anise,3
tofu,3
naan bread,3
green onion top,3
black greek olives,3
ground fenugreek,3
refried beans,3
"lemons, rind of",3
ground fennel,3
cake flour,3
mixed vegetables,3
celery rib,3
rotini pasta,3
fresh marjoram,3
part-skim mozzarella cheese,3
okra,3
lemon pepper seasoning,3
kefalotiri,3
brine,3
egg substitute,3
low-fat mayonnaise,3
chilies,3
flat bread,3
red capsicum,3
pasta sauce,3
light brown sugar,3
white onions,3
black cardamom pod,3
lime wedges,3
salad dressing,3
diced onion,3
tuna in water,3
pepperoncini pepper,3
blanched almond,3
low sodium vegetable broth,3
mung beans,3
self-rising flour,3
frozen green pea,3
rigatoni pasta,3
green cardamom seeds,3
"oranges, zest of",3
whole black peppercorns,3
liquid honey,3
allspice berries,3
white balsamic vinegar,3
prepared pizza crust,3
sunflower oil,3
summer squash,3
sultana,3
angel hair pasta,3
cooked white rice,3
salad oil,3
wine vinegar,3
beef bouillon cubes,3
coconut cream,3
mild curry paste,3
hard-boiled egg,3
onion seeds,3
bulb of garlic,3
fresh chili pepper,3
red cabbage,3
orange,3
yellow mustard seeds,3
crescent rolls,3
fresh lemon,3
red chili pepper flakes,3
wesson oil,3
frozen cut green beans,3
strawberries,3
spices,3
green leaf lettuce,3
pappadams,3
dried brown lentils,3
yogurt starter,3
white poppy seeds,3
soy yogurt,3
ice cube,3
cracked pepper,3
mixed spice,3
scallops,3
mangoes,3
yellow mustard,3
saffron strands,3
sweet butter,3
red chili peppers,3
tuna,3
brown onion,3
dried apricot,3
dry crushed red pepper,3
dried spearmint,3
cauliflower floret,3
fresh ground white pepper,3
light coconut milk,3
linguine,3
spearmint,3
bisquick baking mix,3
sweet paprika,3
sun-dried tomato packed in oil,3
lebanese cucumber,3
head cauliflower,3
red ripe tomatoes,3
vodka,3
hot red pepper flakes,3
whole cumin seed,3
lime zest,3
sweet pepper,3
split peas,3
black tea,3
whole almond,3
ouzo liqueur,3
phyllo pastry sheet,3
fresh basil leaf,3
farina,3
low-fat sour cream,3
peppercorn,3
mustard powder,3
boneless chicken,3
grape leaves,2
canned chicken broth,2
broiler-fryer chickens,2
mussels,2
seasoned dry bread crumb,2
light cream,2
fruit,2
white fish fillet,2
reduced-sodium chicken broth,2
soymilk,2
canned chick-peas,2
dark rum,2
green lentils,2
pizza crusts,2
yams,2
whole wheat pastry flour,2
beans,2
uncooked rice,2
feta cheese with dried basil and tomato,2
cardamoms,2
sweet red peppers,2
sourdough rolls,2
za'atar spice mix,2
green capsicum,2
flank steaks,2
low sodium soy sauce,2
herbs,2
pizza sauce,2
kale,2
cream cheese with garlic and herbs,2
unbleached cane sugar,2
orange peel,2
white pearl onions,2
beets,2
kashmiri chili powder,2
grilled chicken breast strips,2
white bread flour,2
japanese eggplants,2
boneless chicken thighs,2
semolina flour,2
fine dry breadcrumb,2
roasted peanuts,2
apple juice,2
clear honey,2
rosemary sprigs,2
lamb chops,2
split red lentils,2
chicken tenderloins,2
instant rice,2
burgundy wine,2
fettuccine,2
vermicelli,2
italian plum tomatoes,2
mint sprig,2
vanilla essence,2
flounder fillets,2
instant yeast,2
pita pocket bread,2
peach,2
yellow squash,2
beer,2
greek dressing,2
nonfat yogurt,2
cooked orzo pasta,2
stuffed green olives,2
hungarian paprika,2
fresh lemon rind,2
aluminum foil,2
low-fat greek yogurt,2
meat,2
fresh jalapeno,2
jeera powder,2
cream of mushroom soup,2
tandoori spice mix,2
hamburger buns,2
fat free sour cream,2
caraway seed,2
lean ground turkey,2
unsalted cashews,2
plain 1% yogurt,2
1% low-fat milk,2
dried onion,2
dried garlic,2
extra firm tofu,2
canned tomato,2
dark brown sugar,2
jalapeno chile,2
bamboo skewers,2
beetroots,2
ham,2
coriander sprigs,2
whole coriander seed,2
cayenne powder,2
chicken stock cube,2
dark raisin,2
french style green beans,2
center-cut pork chops,2
black greek olive,2
minute steaks,2
mixed greens,2
dried red lentils,2
steamed rice,2
mixed fresh herbs,2
dill seed,2
pork loin chops,2
saffron threads,2
half-and-half cream,2
baby eggplants,2
arugula leaves,2
chili flakes,2
italian bread,2
light sour cream,2
canned artichoke hearts,2
dried italian seasoning,2
boneless pork loin,2
tortilla chips,2
green sweet pepper,2
light italian dressing,2
water-packed artichoke hearts,2
hot pepper,2
baby potatoes,2
orange blossom water,2
berries,2
saffron thread,2
dates,2
superfine sugar,2
golden delicious apple,2
lemon extract,2
banana,2
cheese tortellini,2
flank steak,2
shredded cheddar cheese,2
cooked long-grain rice,2
mixed mushrooms,2
feta cheese with garlic and herbs,2
cheesecloth,2
romaine lettuce leaf,2
limes,2
italian salad dressing mix,2
tamari,2
red cayenne pepper,2
raw cashews,2
low-fat ricotta cheese,2
pesto sauce,2
sweet green pepper,2
penne,2
pecans,2
splenda sugar substitute,2
beet,2
double cream,2
pasta shells,2
dried chili,2
vinaigrette,2
sherry wine vinegar,2
yellow bell peppers,2
bacon grease,2
dry coconut powder,2
italian-style tomatoes,2
rolled oats,2
dried hot red chili peppers,2
club soda,2
small red potato,2
brown basmati rice,2
brown lentils,2
red curry paste,2
frozen corn,2
whole wheat spaghetti,2
skewer,2
medium-sized shrimp,2
baby shrimp,2
raw rice,2
fresh corn kernels,2
tomato soup,2
spaghetti sauce,2
rum,2
oregano sprig,2
dried currant,2
capsicum,2
cardamom seeds,2
orzo,2
black cardamom pods,2
taco seasoning mix,2
fennel bulb,2
hot red pepper sauce,2
garlic-flavored croutons,2
yellow peppers,2
chapati flour,2
stevia,2
mild curry powder,2
parsley flakes,2
pimiento,2
sun-dried tomato pesto,2
mixed salad green,2
ground turkey breast,2
chicken parts,2
baby red potatoes,2
hot pepper flakes,2
fat free chicken broth,2
saffron strand,2
cooked spaghetti,2
bananas,2
vidalia onion,2
whole chickens,2
kingfish,2
fresh pepper,2
bulgur wheat,2
black cumin seeds,2
portabella mushrooms,2
green serrano chilies,2
hot green chili peppers,2
parsley sprig,2
baking ammonia,2
dried navy beans,2
ground aniseed,2
watercress,2
yellow moong dal,2
cooked pasta,2
asparagus,2
pie crusts,2
whole chicken,2
fresh asparagus,2
chicken cutlets,2
masala,2
pears,2
low-fat feta,2
cashew pieces,2
gruyere,2
tomatoes with onion and garlic,2
fresh parmesan cheese,2
small onion,2
sherry wine,2
tomato ketchup,2
hearts of palm,2
lamb steaks,2
fresh broccoli,2
black tea bags,2
seasoned bread crumbs,2
cinnamon bark,2
french beans,2
ice cubes,2
button mushroom,2
coriander-cumin powder,2
swiss chard,2
medium pasta shells,2
raw shrimp,2
pimento stuffed olives,2
monterey jack cheese,2
chicken bouillon,2
serrano peppers,2
fresh cracked pepper,2
broiler-fryer chicken,2
pita bread round,2
navy beans,2
anchovy fillets,2
tilapia fillet,2
fennel powder,2
pearl barley,2
neufchatel cheese,2
alfredo sauce,2
short-grain rice,2
virgin olive oil,2
liquid smoke,2
prawns,2
tri-color spiral pasta,2
jumbo shrimp,2
fresh fruit,2
unbleached flour,2
oregano flakes,2
reduced-fat milk,2
wooden skewers,2
apple cider,2
pita pockets,2
kadaifi,2
butternut squash,2
boiled potatoes,2
sultana raisin,2
distilled white vinegar,2
green onions with tops,2
kefalograviera cheese,2
blanched slivered almonds,2
beef stew meat,2
hot pepper sauce,2
fresh thyme leave,2
bread machine yeast,2
sweetened condensed milk,2
skinless chicken drumsticks,2
kefalotyri,2
cooked elbow macaroni,2
italian dressing,2
self-raising flour,2
french baguette,2
dark red kidney beans,2
bulgar wheat,2
anaheim chilies,2
vegetable bouillon granules,2
wheat berries,2
cooked beef,2
frozen bread dough,2
thyme honey,2
cos lettuce,2
"oranges, juice of",2
radish,2
tilapia fillets,2
kashmiri chilies,2
bacon,2
solid white tuna,2
vegetable bouillon cubes,2
coarse black pepper,2
dried cilantro,2
french fries,2
toast,2
marinade,2
galliano,2
cream of tartar,2
oven-roasted deli chicken,2
chicken bouillon cube,2
hot coffee,2
sweet asian chicken chili sauce,1
fennel,1
hershey bars,1
tandoori paste,1
vegetables,1
garlic sea salt,1
pav bhaji masala,1
tamarind extract,1
kirby cucumbers,1
white cabbage,1
kasuri methi,1
whole wheat bread crumbs,1
frank's red hot sauce,1
cream of chicken soup,1
fresh cilantro stem,1
hot chili powder,1
rubbed sage,1
white corn syrup,1
instant coffee powder,1
sweet unsalted butter,1
green onion tops,1
cashew halves,1
papadum bread,1
whole wheat tortilla,1
whole corn,1
lean hamburger,1
powdered cumin,1
bun,1
white cornmeal,1
sweet corn,1
chunky salsa,1
"limes, juice of",1
creamed corn,1
jiffy corn muffin mix,1
turkey meat,1
dripping,1
head of cabbage,1
processed cheese,1
corn kernel,1
reduced-calorie cucumber salad dressing,1
light sesame oil,1
fruit juice,1
cod,1
baking apples,1
pumpkin seeds,1
fresh thyme sprigs,1
rotisserie-cooked chicken,1
dried curry leaves,1
taco sauce,1
yellow cake mix,1
vanilla frosting,1
ground sirloin,1
herbal tea bags,1
reese's pieces,1
baby back ribs,1
unsweetened coconut,1
brown paper bag,1
1% fat cottage cheese,1
ragu tomato sauce,1
bacon bits,1
rose petal,1
anchovies,1
fryer chickens,1
pistachio nuts,1
dandelion greens,1
skinless chicken thighs,1
soya milk,1
rajma,1
artificial sweetener,1
turkey breast half,1
courgettes,1
orange bell pepper,1
sun-dried tomato puree,1
quail,1
lean beef,1
fast rising yeast,1
instant butterscotch pudding mix,1
yellow food coloring,1
corn muffin mix,1
lean lamb,1
arborio rice,1
brown rice flour,1
poppy seed paste,1
refined flour,1
non-fat cooking spray,1
non-fat powdered milk,1
mexican chili powder,1
mustard greens,1
orange liqueur,1
shortcrust pastry,1
cantaloupe,1
greek vinaigrette dressing with feta and oregano,1
yellow sweet pepper,1
fresh mozzarella cheese,1
red snapper fillets,1
assorted fresh vegetable,1
shiitake mushrooms,1
brown onions,1
roasting chicken,1
low-fat italian salad dressing,1
garlic oil,1
gherkin,1
apricots,1
taco shells,1
fat-free red wine vinaigrette,1
"lime, zest of",1
black beans,1
frozen leaf spinach,1
condensed milk,1
white corn,1
pomegranate seeds,1
potato starch,1
olive oil mayonnaise,1
ground coffee,1
pickling salt,1
real maple syrup,1
salmon,1
maize flour,1
vanilla powder,1
mango pulp,1
fresh yeast,1
nori,1
whole chicken breasts,1
mineral water,1
buckwheat honey,1
unsalted almonds,1
white chocolate chips,1
smooth peanut butter,1
light muscovado sugar,1
thai green chili,1
unsulphured molasses,1
dried red chili pepper,1
low-fat cooking spray,1
coconut flakes,1
thickened cream,1
chicken drummettes,1
soy margarine,1
whole mustard seeds,1
converted white rice,1
garlic and herb couscous mix,1
dried apricots,1
medium curry paste,1
creamed coconut,1
yigandes beans,1
guar gum,1
head of garlic,1
ground savory,1
minced beef,1
cocoa powder,1
milk chocolate,1
grapeseed oil,1
brussels sprout,1
green ginger,1
sage,1
good seasonings italian salad dressing mix,1
brown cardamom pods,1
rice bran oil,1
masala paste,1
rotini noodles,1
whole cumin seeds,1
sour cherry jam,1
alfalfa,1
fresh herbs,1
sultana raisins,1
low-fat vanilla yogurt,1
soda water,1
corn oil,1
vegetable drumsticks,1
boiling potato,1
red radish,1
refrigerated buttermilk biscuits,1
lemongrass,1
puff pastry sheets,1
amchur,1
safflower oil,1
fried onions,1
18% table cream,1
hot red chili pepper,1
courgette,1
large scallop,1
skewers,1
fresh garlic clove,1
five-spice powder,1
corn syrup,1
boneless beef roast,1
rock salt,1
almond milk,1
tamarind juice,1
vegetable margarine,1
whole wheat couscous,1
goat cheese,1
strawberry,1
ladyfingers,1
chow mein noodles,1
red pepper powder,1
spanish peanuts,1
flaked sea salt,1
whole allspice,1
rib roast,1
chili pepper flakes,1
chuck roast,1
fresh jalapenos,1
fat-free half-and-half,1
fat free tortillas,1
fresh jalapeno peppers,1
sprite,1
fire-roasted tomatoes,1
plaice fillets,1
shichimi-togarashi,1
croissant dough,1
wild rice mix,1
almond meal,1
vidalia onions,1
anisette,1
swai fillets,1
idaho potatoes,1
unsweetened dried shredded coconut,1
mulling spices,1
turkey cutlets,1
pawpaw,1
flour tortilla,1
burrito seasoning mix,1
enchilada sauce,1
fresh cilantro stems,1
lo mein noodles,1
raita,1
winter squash,1
corn on the cob,1
oriental sauce,1
besan,1
lime peel,1
boneless skinless chicken cutlets,1
brewed coffee,1
portabella mushroom,1
pattypan squash,1
lean ground veal,1
scallion top,1
dried currants,1
hot chili pepper,1
tandoori masala,1
red sweet peppers,1
white shoepeg corn,1
english peas,1
dill pickle relish,1
ground roasted cumin seeds,1
black channa,1
angostura bitters,1
spiced rum,1
frosted flakes,1
spiced apple cider,1
solid-pack pumpkin,1
grapefruit,1
dark chili powder,1
salt free herb and spice seasoning mix,1
swiss chard leaves,1
corn kernels,1
hamburger meat,1
mild green chilies,1
guacamole,1
buffalo,1
golden rum,1
sugar snap pea,1
almond liqueur,1
grain,1
tomato concentrate,1
chunk tuna,1
butter flavored cracker,1
rice krispies,1
shredded wheat cereal,1
hot paprika,1
clarified butter,1
italian breadcrumbs,1
string,1
ginger cube,1
lima beans,1
melon balls,1
navel oranges,1
short-grain white rice,1
miracle whip,1
unflavored gelatin,1
cooking apple,1
lemon peel strips,1
mixed seeds,1
demerara sugar,1
green peppercorn,1
red radishes,1
white radish,1
mango juice,1
lean rump steak,1
toor dal,1
white peppercorns,1
brinjals,1
white distilled vinegar,1
edible silver foil,1
filet of beef,1
spring greens,1
coco lopez,1
lean meat,1
herbes de provence,1
whiskey,1
lean bacon,1
mace,1
wood chips,1
jelly,1
charcoal,1
dense bread,1
whole coriander seeds,1
nutritional yeast flakes,1
scotch bonnet peppers,1
racks of lamb,1
gram dal,1
ground celery seed,1
candied cherries,1
parboiled rice,1
wine,1
medium grain rice,1
spanish onion,1
10-inch flour tortillas,1
tea leaves,1
string bean,1
raw cashew nuts,1
full-fat milk,1
fat-free chicken broth,1
dal,1
canned vegetable broth,1
sea bass,1
canned unsweetened coconut milk,1
medium-grain white rice,1
caraway seeds,1
sweetened flaked coconut,1
lamb loin chops,1
soft tofu,1
low-fat whipping cream,1
agave nectar,1
candied ginger,1
seedless raisin,1
applesauce,1
sambar onions,1
meat stock,1
crunchy peanut butter,1
sweet chili sauce,1
cashew nuts,1
dried chili pepper flakes,1
medium raw shrimp,1
emmenthaler cheese,1
corn chex,1
white kidney beans,1
fine dry breadcrumbs,1
dried rose petals,1
pork fillets,1
cardamom pod,1
canned beets,1
cashew nuts paste,1
chili paste with garlic and ginger,1
ham bone,1
minced meat,1
watercress leaves,1
pineapple chunks,1
shelled pistachios,1
mushroom soup,1
simply potatoes traditional mashed potatoes,1
dry red chile,1
hot red chili peppers,1
potato salad,1
hot chili oil,1
mesclun,1
fish sauce,1
ground masticha,1
instant chicken bouillon granules,1
stir fry vegetables,1
fat-free cream cheese,1
panko breadcrumbs,1
citrus-infused vodka,1
de-fatted chicken broth,1
chicken halves,1
mahlepi,1
frozen orange juice concentrate,1
feta cheese with lemon garlic and oregano,1
tart apples,1
nonfat dry milk powder,1
fish steaks,1
ocean perch fillet,1
beef consomme soup,1
minute rice,1
quick-cooking barley,1
baby octopus,1
pickling cucumbers,1
great northern bean,1
white pearl onion,1
italian-style diced tomatoes,1
beef rump,1
stew meat,1
ready-to-bake refrigerated buttermilk flaky biscuits,1
dried black-eyed peas,1
oil-and-vinegar dressing,1
passata,1
stale bread,1
smoked trout,1
japanese eggplant,1
fine breadcrumbs,1
catfish fillets,1
low-sodium parmesan cheese,1
zwieback toast,1
artichoke hearts in brine,1
light extra virgin olive oil,1
almond flour,1
almond paste,1
decorative candies,1
gluten free baking powder,1
dark chocolate chips,1
simply potatoes diced potatoes with onion,1
tomatoes with spicy red pepper,1
mostaccioli pasta,1
oranges,1
honeydew melon,1
red seedless grapes,1
grapes,1
cooked radiatore,1
dried butter beans,1
celery & leaves,1
chicken cutlet,1
tapioca flour,1
xanthan gum,1
pomegranate,1
frozen pizza crust,1
piquillo peppers,1
hot cocoa mix,1
poblano pepper,1
frozen whole kernel corn,1
process american cheese,1
honey dijon mustard,1
wheat hamburger buns,1
condiments,1
frozen french-cut green beans,1
semisweet chocolate,1
green shrimp,1
fresh dill sprig,1
skim milk yogurt,1
cut green beans,1
tomatoes with basil,1
fillets,1
ground chicken breast,1
dried tarragon,1
soy cheese,1
sharp white cheddar cheese,1
double crust pie crust,1
english muffins,1
tomato sauce with roasted red pepper,1
celery leaves,1
hot chicken broth,1
thin spaghetti,1
whole wheat hamburger bun,1
seasoned dry bread crumbs,1
dried leaf basil,1
clam,1
boneless skinless chicken breast half,1
crab,1
squid,1
vegan chicken seasoning,1
light goat cheese,1
roasted garlic,1
parmigiano-reggiano cheese,1
garlic sauce,1
small squid,1
lemon gelatin,1
orange gelatin,1
orange flower water,1
cream of wheat,1
bottled lemon juice,1
cooked ground beef,1
hot italian sausages,1
chicken giblets,1
dried fennel seed,1
mccormick's montreal brand steak seasoning,1
flat-leaf italian parsley,1
dry dill weed,1
roasted chicken breast,1
fat-free mayonnaise,1
alfalfa sprout,1
fresh breadcrumbs,1
french rolls,1
red onion rings,1
sambuca liqueur,1
cooked wild rice,1
reduced-sodium fat-free chicken broth,1
brine-cured black olives,1
unsweetened cocoa,1
club house greek seasoning,1
chips,1
yellow sweet bell pepper,1
dried fig,1
anise extract,1
broad egg noodle,1
fine noodles,1
soft breadcrumbs,1
apricot brandy,1
pickled sweet peppers,1
whipped butter,1
jumbo black olives,1
cooked couscous,1
bread cubes,1
masticha,1
fresh carrot,1
good seasons salad dressing mix,1
powdered ginger,1
vegan sour cream,1
herbed croutons,1
frozen edamame,1
salmon fillet,1
large curd cottage cheese,1
hard cheese,1
poultry seasoning,1
fresh shrimp,1
cooking apples,1
french dressing,1
silver beet,1
blue cheese,1
cinnamon sugar,1
broad beans,1
italian herb seasoning,1
fresh lemongrass,1
cod steaks,1
lime wedge,1
coriander sprig,1
diced green chilies,1
half and half milk,1
tea bags,1
orange juice concentrate,1
old bay seasoning,1
dried chilies,1
chicken leg,1
mustard oil,1
peanut butter,1
soya sauce,1
plain soymilk,1
rump steak,1
lean stewing beef,1
chicken tenders,1
tuna in vegetable oil,1
orange slice,1
citrus juice,1
light oil,1
serrano pepper,1
seedless watermelon,1
tap water,1
fish fillet,1
orange food coloring,1
beef sirloin,1
rump roast,1
aleppo pepper,1
ground chuck,1
compressed yeast cakes,1
whole salmon,1
chicken bouillon powder,1
frozen coconut,1
unsweetened plain yogurt,1
corn tortillas,1
hot dogs,1
mung dal,1
dhaniya powder,1
white fish fillets,1
blackstrap molasses,1
mixed nuts,1
non-fat vanilla yogurt,1
red capsicums,1
snow pea sprouts,1
ajinomoto,1
mixed baby greens,1
belgian endive,1
uncle ben's ready rice,1
skinless chicken,1
wheat flour tortillas,1
nonfat sour cream,1
coffee filter,1
sweet peas,1
vegetable stock cube,1
string beans,1
tortilla,1
light cream cheese with roasted garlic,1
pickling cucumber,1
strip steaks,1
single cream,1
taco seasoning,1
puff pastry,1
dry-roasted unsalted peanuts,1
egg wash,1
puree,1
mint sauce,1
multi-grain penne,1
panch phoron,1
maggi seasoning sauce,1
green chili paste,1
dried hot chili peppers,1
"oranges, juice and zest of",1
tabasco jalapeno sauce,1
dried white bean,1
whole wheat fusilli,1
salami,1
flaked coconut,1
bottled water,1
salted peanuts,1
dry pasta,1
tangerine peel,1
calamari,1
instant coffee,1
vanilla greek yogurt,1
reduced-fat peanut butter,1
semi-sweet chocolate chips,1
greek peppers,1
corn flakes,1
frozen dinner rolls,1
lean beef round,1
chili seasoning mix,1
pickling onions,1
pickling vinegar,1
spinach pasta,1
anchovy,1
ranch dressing,1
cream of rice,1
firm banana,1
whole grain pita,1
fresh jalapeno pepper,1
chili paste,1
soyabean nuggets,1
black gram dal,1
chicken legs with thigh,1
chestnuts,1
chicken stock powder,1
heinz ketchup,1
graham cracker crumbs,1
champagne vinegar,1
day-old white bread,1
pizza crust,1
barley,1
spanish olives,1
unseasoned breadcrumbs,1
green zucchini,1
vermouth,1
flounder,1
lipton recipe secrets savory herb with garlic soup mix,1
vegetarian sausages,1
hot dog buns,1
dried herbs,1
tasty cheese,1
lamb rib chops,1
frozen baby lima beans,1
artichoke,1
tomatoes in puree,1
garlic granules,1
pork shoulder,1
prepared mustard,1
garlic-flavored olive oil,1
sea scallops,1
shell pasta,1
radicchio,1
smoked turkey,1
roma,1
watermelon,1
pecorino cheese,1
roast beef,1
bottled vinaigrette dressing,1
near east taboule wheat salad,1
tempeh,1
calrose rice,1
quick oats,1
manicotti,1
hidden valley original ranch dressing,1
asiago cheese,1
baking potato,1
mccormick's season all,1
skinless chicken breast halves,1
reduced-calorie stick margarine,1
provolone cheese,1
dried lemon peel,1
marjoram leaves,1
seedless grapes,1
southern comfort,1
cream sherry,1
lasagna noodles,1
dried mediterranean oregano,1
yukon gold potato,1
cucumber ranch salad dressing,1
coleslaw dressing,1
fat-free parmesan cheese,1
spaghetti noodles,1
pure vanilla extract,1
frozen pearl onions,1
chicken bouillon granule,1
reduced-fat monterey jack cheese,1
pie crust,1
pastry dough,1
boston lettuce,1
greek pita breads,1
dried breadcrumbs,1
90% lean ground beef,1
pocketless pita,1
broth,1
refried black beans,1
boneless pork,1
firm ripe tomatoes,1
cheese ravioli,1
steak sauce,1
hamburger patties,1
cannellini,1
italian-style stewed tomatoes,1
small shell pasta,1
cooked bacon,1
sandwich buns,1
lemon basil,1
mahi mahi fillets,1
grape juice,1
pork belly,1
thyme leaves,1
pork loin,1
frozen cheese ravioli,1
fresh dill leaves,1
ground sage,1
red snapper fillet,1
yellow capsicum,1
cheese-filled tortellini,1
boboli pizza crusts,1
low-sodium stewed tomatoes,1
minced  fresh garlic cloves,1
boiling potatoes,1
plain 2% yogurt,1
green tomato,1
red wine vinaigrette,1
challah,1
blackberry,1
salt-free garlic powder,1
frozen green beans,1
salsa verde,1
chunk light tuna,1
dill pickle,1
albacore tuna in water,1
tuna in brine,1
whole wheat hamburger buns,1
turkey,1
gin,1
low fat cottage cheese,1
pimientos,1
ground sumac,1
pizza crust mix,1
pizza seasoning,1
whole grain bread,1
blueberries,1
sandwich wraps,1
whole wheat tortillas,1
refrigerated pie crusts,1
heavy whipping cream,1
fruit salad,1
walnut pieces,1
toasted almond,1
sifted flour,1
season salt,1
clementines,1
fresh figs,1
granola cereal,1
"orange, juice of",1
anise flavoring,1
fresh black pepper,1
apple cider vinegar,1
lemon slices,1
italian cut green beans,1
instant minced onion,1
"lemons, juice and zest of",1
lamb fillets,1
reduced-fat sour cream,1
dried mint flakes,1
lean boneless leg of lamb,1
canned whole tomatoes,1
lasagna noodle,1
cream cheese with chives and onions,1
solid white tuna packed in water,1
boiling onions,1
dry oregano leaves,1
whole mushrooms,1
dried sage,1
whole boneless skinless chicken breasts,1
muenster cheese,1
russet baking potatoes,1
oil-cured black olive,1
small whole wheat pasta shells,1
hunts tomato sauce,1
fresh herb,1
mahi mahi,1
frangelico,1
white creme de cacao,1
coconut rum,1
lean ground chuck,1
ground ham,1
t-bone type lamb chops,1
pickled jalapeno peppers,1
cracker,1
grouper,1
rye berries,1
granulated garlic,1
beef bouillon,1
fontina cheese,1
italian tomatoes,1
greens,1
mini pita pockets,1
chicken breast tenders,1
light olive oil vinaigrette dressing,1
rib eye steaks,1
cooked small shell pasta,1
diced pimentos,1
beef sirloin steaks,1
gyro mix,1
no-boil lasagna noodles,1
halibut fillets,1
reynolds wrap foil,1
celery powder,1
"lemon, juice and rind of",1
light vegetable oil,1
english walnuts,1
pork rib chops,1
dried thyme leaves,1
dried coriander,1
8-inch flour tortillas,1
herb seasoning mix,1
rocket,1
unsalted chicken stock,1
hard-cooked eggs,1
millet,1
black-eyed peas,1
quick-cooking rice,1
meatloaf mix,1
low-carb balsamic vinaigrette,1
boneless pork chops,1
boneless pork loin roast,1
ranch salad dressing,1
floury potatoes,1
irish potatoes,1
great northern beans,1
dried prune,1
cherry peppers,1
red snapper,1
pork rib rack,1
onion salt,1
sweet bell peppers,1
white potato,1
whole wheat rotini,1
pimento stuffed olive,1
fat-free italian salad dressing,1
ground mustard,1
whipped cream cheese,1
burritos,1
light cream cheese,1
spinach dip,1
ciabatta rolls,1
lebanese cucumbers,1
hickory smoked bacon,1
heirloom tomatoes,1
fat-free low-sodium chicken broth,1
poppy seeds,1
cooked chicken breast halves,1
mint sprigs,1
skinless chicken breast,1
garlic sausage,1
whole tomato,1
dried large lima beans,1
dried dates,1
fresh white mushroom,1
nectarines,1
broccoli floret,1
fresh broccoli florets,1
rice wine vinegar,1
pignoli nut,1
light caesar salad dressing,1
grainy mustard,1
hot chicken stock,1
whole wheat penne,1
garlic flakes,1
pepperoni,1
medium pasta shell,1
small shrimp,1
tagliatelle pasta noodles,1
ziti rigati,1
ground meat,1
skinless chicken breast half,1
prosciutto,1
all-purpose white flour,1
mixed sprouts,1
sumac,1
cooked chicken breast,1
frozen pizza,1
unsalted sunflower seeds,1
